Politician,VideoId
Alexandria Ocasio-Cortez,LTot-4LzPts
Alexandria Ocasio-Cortez,7T4ysRNDV2Y
Alexandria Ocasio-Cortez,BE3X6LCCgSA
Alexandria Ocasio-Cortez,XtaxgHEucGk
Alexandria Ocasio-Cortez,4EN_hdestac
Alexandria Ocasio-Cortez,kLQXI2W-3gE
Alexandria Ocasio-Cortez,ntrGEUEh57E
Alexandria Ocasio-Cortez,3g7gtW2Fgac
Alexandria Ocasio-Cortez,kD6Cj6tAZVU
Alexandria Ocasio-Cortez,19ViDAoDyQs
Alexandria Ocasio-Cortez,3RJhTDeFo7E
Alexandria Ocasio-Cortez,rw7mkFSx-AM
Alexandria Ocasio-Cortez,PBC8LeXb_6s
Alexandria Ocasio-Cortez,NaOJORnWbVo
Alexandria Ocasio-Cortez,9QBAOfVrfJo
Alexandria Ocasio-Cortez,JJrX09fc33U
Alexandria Ocasio-Cortez,GaEMVzY1rFA
Alexandria Ocasio-Cortez,xTa54JX_7zw
Alexandria Ocasio-Cortez,9pgnPHxifgU
Alexandria Ocasio-Cortez,2A5NH01FqA8
Alexandria Ocasio-Cortez,L1OYbwfUGaM
Alexandria Ocasio-Cortez,fWNWoNaImQA
Alexandria Ocasio-Cortez,oqGxsWjbdsA
Alexandria Ocasio-Cortez,H-nv47wAees
Alexandria Ocasio-Cortez,a1hU4sK6-W8
Alexandria Ocasio-Cortez,c29dVU350BM
Alexandria Ocasio-Cortez,zjgkRXREWEc
Alexandria Ocasio-Cortez,JU-SE5eNt04
Alexandria Ocasio-Cortez,oBF7fB7_HdQ
Alexandria Ocasio-Cortez,Grfsep-jSqE
Alexandria Ocasio-Cortez,E2ndTjbymMQ
Alexandria Ocasio-Cortez,7RFp9jIaGUo
Alexandria Ocasio-Cortez,51Gf_PXciKg
Alexandria Ocasio-Cortez,iLkJxwZfeAQ
Alexandria Ocasio-Cortez,bpXe41yqruQ
Alexandria Ocasio-Cortez,nqIa9VqQm0c
Alexandria Ocasio-Cortez,lPlspWh66T4
Alexandria Ocasio-Cortez,H3-DqFJEN6s
Alexandria Ocasio-Cortez,Oondd6gZ8NY
Alexandria Ocasio-Cortez,4m705HMNYoA
Alexandria Ocasio-Cortez,9Xul-cSViQU
Alexandria Ocasio-Cortez,xLmIhIOPgi4
Alexandria Ocasio-Cortez,3lSN2n4Bjz8
Alexandria Ocasio-Cortez,sZuJ1Qiqkjg
Alexandria Ocasio-Cortez,hCwhaXHqxoc
Alexandria Ocasio-Cortez,VLJ0zf-vx5c
Donald Trump,_E8NpjpTxd8
Donald Trump,X_ik069yLlQ
Donald Trump,v0CioCdYa3E
Donald Trump,Ed8IFzahCEM
Donald Trump,WIcoXT6MPjU
Donald Trump,jieTlkwNKco
Donald Trump,cm9YBvDX7ME
Donald Trump,l5yVXu3NP4Y
Donald Trump,utH2MLRcIMk
Donald Trump,BL-yXX2yO9A
Donald Trump,LEgOuF_SD4k
Donald Trump,BOnTi_tLwtQ
Donald Trump,tscgWCBbeao
Donald Trump,UbX9kXMNtqI
Donald Trump,1jvTXgyQon4
Donald Trump,CKTaX7KsOls
Donald Trump,JOCRo97NoJ8
Donald Trump,S_OELLDxfXc
Donald Trump,8cfjj80O7ic
Donald Trump,QAvt4b0fGdQ
Donald Trump,LHV4bHdqir0
Donald Trump,DzpehFlG4Yk
Donald Trump,TOFUIi008CA
Donald Trump,ISTu6JRtJTI
Joe Biden,WGjYvDY7Qd0
Joe Biden,5xTNKVqsLKo
Joe Biden,BQHl2relTjw
Joe Biden,po0jFWdiB2s
Joe Biden,CmekpMxhFmg
Joe Biden,myA8PkEEvQw
Joe Biden,sAyXNRQpVWc
Joe Biden,lxH2PM1-Vu8
Joe Biden,lY-dQrapYOg
Joe Biden,xudVnd6DTSQ
Joe Biden,G5Gb3hoM0ag
Joe Biden,3c1cLJPUC88
Joe Biden,31d7a3-qEHE
Joe Biden,tqdSnr_0IvA
Joe Biden,Bl_HCDqb2L8
Joe Biden,dy9pD0mPXAc
Joe Biden,HsbgFEO2pw0
Joe Biden,hEc3PQCz9SM
Joe Biden,SsVXDDQaQhM
Joe Biden,zk5tGzJiMDo
Joe Biden,Gk-_woFwh5A
Joe Biden,Ie1ys5UBAH4
Joe Biden,9mhQsIn_UDM
Joe Biden,tUSroTovDqU
Joe Biden,Ii8h5gvvGAQ
Joe Biden,LZkC3zr2Vlo
Joe Biden,-gdAusF5q8E
Joe Biden,-k9h_iUzz2A
Joe Biden,M5U04UjfdhM
Joe Biden,q5v3mN-ctH8
Joe Biden,13iMUoK5fRA
Joe Biden,xVmAu6XQ3U8
Joe Biden,08M8OIn_mIs
Joe Biden,R8R2545fHCo
Joe Biden,0-M20X5IoMM
Joe Biden,Atj5mXB8gvo
Joe Biden,WITiPk5q4OI
Joe Biden,EVLyFAfe500
Joe Biden,OAH9R2Qbisc
Joe Biden,Bvbh-gpLqoo
Joe Biden,88KM7poMYCo
Joe Biden,1qska9APRyo
Joe Biden,IOVSVq2l2OE
Joe Biden,WwuE7Ca_hOY
Joe Biden,1-gkjPp-zvU
Joe Biden,S7Z_vYHelsM
Joe Biden,s5King9rvag
Joe Biden,-SKC_rvEXrY
Joe Biden,tas01aLh9wA
Joe Biden,5RDxGZd_VG0
Joe Biden,xqzv81qi3VQ
Joe Biden,oRtFOa3RqYM
Joe Biden,izOBdqqpX98
Joe Biden,MmciT4x-iGU
Joe Biden,iKKRU3ALjb0
Joe Biden,UfjDM91rBm8
Joe Biden,51j1Ih33WGQ
Joe Biden,cBrtfUXq3m0
Joe Biden,kH3nMUIQeNQ
Joe Biden,8u9KuskozDU
Joe Biden,fPDRO2LSvu4
Joe Biden,Jfzei5Z2luY
Joe Biden,gyyRMI4RR1g
Joe Biden,r-1fDpp80Hs
Joe Biden,GBSmyncmBK8
Joe Biden,zBzrLS0_oCE
Joe Biden,okxjTFOYM_w
Joe Biden,iTg_rvTCJnY
Joe Biden,bDZ1H4ABmiU
Joe Biden,H3z4s-zmE7M
Joe Biden,p3CCdW-pScI
Joe Biden,u1UC89H4Swc
Joe Biden,fONFSAKwmnQ
Joe Biden,t7WwDLzG--Y
Barrack Obama,XvBh2FQRkSs
Barrack Obama,MJfwxZwbSp8
Barrack Obama,ZNYmK19-d0U
Barrack Obama,huezMxXjzi4
Barrack Obama,23Jmxi2jtbM
Barrack Obama,PF2prUcfeYU
Barrack Obama,V1I0Y7qIdA0
Barrack Obama,7hZgg_KjvDQ
Barrack Obama,MxBdzH66wZo
Barrack Obama,a6aL5TVVRFI
Barrack Obama,Lq_wMv_MeQc
Barrack Obama,OAhb06Z8N1c
Barrack Obama,znZkxN0Ks0M
Barrack Obama,QQHLA3_99OE
Barrack Obama,oi86E5GgawY
Barrack Obama,f-nrjvsETQU
Barrack Obama,vGpjFh5Izkc
Barrack Obama,xKSKjIsOkPA
Barrack Obama,Xdemy-YYxUs
Barrack Obama,sgZAuqYUdWM
Barrack Obama,xXH5agV7skw
Barrack Obama,hUZzq7aiDlc
Barrack Obama,nqoeuIlaxRc
Barrack Obama,jkfiF_tugU0
Barrack Obama,-hKSCr-M1ZE
Barrack Obama,td7Dcsco-WY
Barrack Obama,mqaODYJ702s
Barrack Obama,m_IOpjrd760
Barrack Obama,rI7GRUhWtuI
Barrack Obama,kqWQLr3Rj6U
Barrack Obama,J4uParFjTpY
Barrack Obama,R1OsMDOhV30
Barrack Obama,Sjpyrfj4AWk
Barrack Obama,1Z9tiSqHzkg
Barrack Obama,l-5vD5YVLv8
Barrack Obama,A3WCQP5IA1Y
Barrack Obama,SVtQ6i1jbsk
Barrack Obama,UKopXxCPCJg
Barrack Obama,-IPcuuhi2Jo
Barrack Obama,gF2XX-dJ5mI
Barrack Obama,jAYVKZSWXhY
Barrack Obama,V03ZTv5XhA8
Barrack Obama,GHYjknhJy0I
Barrack Obama,yVZaUtnvJKs
Barrack Obama,lX16OrIVfeQ
Barrack Obama,EOKvxqJpGrY
Barrack Obama,ZdhyM5jHu0s
Barrack Obama,nnRNszsza_8
Barrack Obama,D2XAo0hNk1Y
Barrack Obama,k5-MgZD5IMc
Barrack Obama,qxHcwt3qBCk
Barrack Obama,c652tFad9eM
Barrack Obama,puGGm-znSlU
Barrack Obama,rJ-xA6D4Ju8
Barrack Obama,GfG8Btb0l3g
Barrack Obama,3dZ2sYvpjCg
Barrack Obama,mAFv55o47ok
Barrack Obama,42gbXMCbtAE
Barrack Obama,HOL_PpoRRL0
Barrack Obama,lpX9k_YhUTQ
Barrack Obama,muHLCw16cb8
Barrack Obama,iH1ZJVqJO3Y
Gretchen Whitmer,fD0N6EBBVXs
Gretchen Whitmer,itz40C3VlmU
Gretchen Whitmer,EK4oAHFBCNo
Gretchen Whitmer,YPQcWEX7LMo
Gretchen Whitmer,28BgABLHnq4
Gretchen Whitmer,kUlKLJ1Dsvk
Gretchen Whitmer,WpjOfVfOGvE
Gretchen Whitmer,ImUl5tGv16Y
Gretchen Whitmer,S1Ql2lGwq-s
Gretchen Whitmer,_OU9Fn1T8b8
Gretchen Whitmer,hVFNX2G1-pw
Gretchen Whitmer,6E8S6I-m_hg
Gretchen Whitmer,7LGhSE2e0Qg
Gretchen Whitmer,_u7pPJkWHr0
Gretchen Whitmer,BsuJqfd2xcI
Gretchen Whitmer,Tx9PXCf-T-M
Gretchen Whitmer,0tvXkjg7mns
Gretchen Whitmer,lAQ5xFCUWDI
Gretchen Whitmer,JPBRJTZ4CPs
Gretchen Whitmer,AUAwiY2oaeM
Gretchen Whitmer,h5uNjboHeOo
Gretchen Whitmer,3ZaTQ7NIa7s
Gretchen Whitmer,i8pyMzrIbzo
Gretchen Whitmer,MTfK6r9WrQE
Gretchen Whitmer,mAReol4YryY
Gretchen Whitmer,bbIStCafLgA
Gretchen Whitmer,DTPWcatQ2ro
Gretchen Whitmer,xLoZcZs4BCc
Gretchen Whitmer,a4_Iqlaw58U
Gretchen Whitmer,7MYH_X1evWg
Gretchen Whitmer,pyiAnrUp6Ss
Gretchen Whitmer,zN-s6o5m2K0
Gretchen Whitmer,6ZEEJJ9kjNY
Gretchen Whitmer,Ih0cjLekGAg
Gretchen Whitmer,dZYrYlzkx0g
Gretchen Whitmer,QNIGV_NLEpA
Gretchen Whitmer,ljLFlLK0hfk
Gretchen Whitmer,MzYKHhWmrF4
Gretchen Whitmer,soV2gnpFEsE
Gretchen Whitmer,g9EbPSh0uhA
Gretchen Whitmer,fJ1SIPti3xo
Gretchen Whitmer,BgTQEpQ3Yc8
Gretchen Whitmer,bcZEqUACCHQ
Gretchen Whitmer,Lwk5vTkYikg
Gretchen Whitmer,zi2gv45W6Os
Gretchen Whitmer,RXo7ZNh6U-s
Gretchen Whitmer,hmvVF6vDAto
James David Vance,d-Cu8FOqHrs
James David Vance,lKU9nlR-cQI
James David Vance,t3-aoAUNN-k
James David Vance,G_rLfllO5-M
James David Vance,yCN0PommAjg
James David Vance,6HwFEZ4BPfY
James David Vance,sz4KH3mzG8Y
James David Vance,dUIsyAevXN8
James David Vance,3btwDGtDAjk
James David Vance,K3qYJoSV0lI
James David Vance,X6fS_JiQ-yU
James David Vance,m8VgwhjSrVg
James David Vance,gYgj0TVgMrQ
James David Vance,RyloqoIwq1M
James David Vance,TTVVtEwbzXg
James David Vance,cNGYMbeLfy4
James David Vance,wVvuTKWzOcs
James David Vance,32_6Pom1Mz8
James David Vance,BxFlBGvPgF8
James David Vance,QMJsVpUbet0
James David Vance,MMgI-VFJ_eI
James David Vance,GeGwc8rtxM4
James David Vance,9bzsifm_SNE
James David Vance,Ry_pkfj9sN0
James David Vance,dC5rtRu4_zc
James David Vance,cxddwfvPE8E
James David Vance,B02sEcHjW-Y
James David Vance,tXXUUnrhwf0
James David Vance,4RUGu0RghX4
James David Vance,x8Uc257Y9gw
James David Vance,z-_dghrXgVs
James David Vance,rkohH0Cez_k
James David Vance,b0Sl2PP2FxQ
James David Vance,UJEwE9lYHms
James David Vance,2mTQz6NVBxw
James David Vance,oy_Dowqtthw
James David Vance,S4JroNd4F3Q
James David Vance,GUrkFEShr84
James David Vance,z_Cv-tLan04
James David Vance,6NBNoKsiFA4
James David Vance,SUQWjeGom6U
James David Vance,RW-UnN3qs48
James David Vance,BEP86K7PMFU
James David Vance,IsE1i2LDGLI
James David Vance,jJiCTr9zOaE
James David Vance,0FR65Cifnhw
James David Vance,8b85PS7lwjU
James David Vance,O6JRhmneTHQ
James David Vance,jjJzobr5o6s
James David Vance,dBMuZbSL50M
James David Vance,P4qy13z7foA
James David Vance,BrjJdpUaYiU
James David Vance,LU0Qgn6XFwA
James David Vance,C-tgLdKPPVA
James David Vance,4FIapZ88BJQ
James David Vance,UaABtxV_j6g
James David Vance,ID-y5klXfj0
James David Vance,cJFSrAd8izk
James David Vance,pi9aAodnIVg
James David Vance,rrDqna_yOYo
James David Vance,H95Tn87P7A8
James David Vance,x1UaY0EaVvg
James David Vance,Y_Idvppb_io
James David Vance,WNo8ogXyCEU
James David Vance,g8e4CWseAao
James David Vance,-VltncxBc3k
James David Vance,iEy-xTbcr2A
James David Vance,Ee5MMADtAe4
James David Vance,abW6gqVmN3M
James David Vance,UmWi2Azthy4
James David Vance,zRgrBtADM3k
James David Vance,WoMAybLpkgs
James David Vance,9DDnIzQMJuU
James David Vance,fD4fpz8EqD0
James David Vance,kOM0ltfaBZk
James David Vance,YS2FY-_ooOI
James David Vance,Q3WBeFox5dc
James David Vance,jlzsf-Li64Y
James David Vance,YSLTw5UBDtY
James David Vance,MZiaRBN1ApI
James David Vance,Jv5pGTG_Kjc
James David Vance,T4QfhmocD-I
James David Vance,1Vp7L4RhLjI
James David Vance,dhneC1rx1Ps
James David Vance,72t0KpRL_ts
James David Vance,rXxrH_rj8To
James David Vance,f9MKlZPtglU
James David Vance,jBrEng3xQYo
James David Vance,nw7J758Q9GY
James David Vance,fUNPFuulFqs
James David Vance,Mhgz-03M-7w
James David Vance,3FO6jpIkwok
James David Vance,nED9dTfp4hk
James David Vance,LgvAvgHnu0Q
James David Vance,NyN-IR4z1tE
Vivek Ramaswamy,0ewo2TA-FXE
Vivek Ramaswamy,Y0ALGoRa7sE
Vivek Ramaswamy,FjXbrlhOhKU
Vivek Ramaswamy,3l6EcHeBt8U
Vivek Ramaswamy,MtgOd5NXO7s
Vivek Ramaswamy,OKY_81DVKek
Vivek Ramaswamy,MEwdpTM-DVc
Vivek Ramaswamy,-fXeCUeK1fU
Vivek Ramaswamy,HAYfm24zGsM
Vivek Ramaswamy,x4oA9EKM7GQ
Vivek Ramaswamy,SkGhL4vIyoo
Vivek Ramaswamy,m0eq6MeZgkg
Vivek Ramaswamy,aTAMDiPeoF8
Vivek Ramaswamy,fwXeDN3DqRk
Vivek Ramaswamy,ozWJPhDh8p4
Vivek Ramaswamy,fS9IOjMrxEs
Vivek Ramaswamy,wt0SPLi_T0g
Vivek Ramaswamy,mb8nPKrv9fA
Vivek Ramaswamy,-S8moDzfvwk
Vivek Ramaswamy,T_4fdMZgUfc
Vivek Ramaswamy,G6PwkEgJ01k
Vivek Ramaswamy,rPaUCvRKP80
Vivek Ramaswamy,83r4ciRRgOw
Vivek Ramaswamy,TGIes_478es
Vivek Ramaswamy,vOqHACfqOv0
Vivek Ramaswamy,u_W7RZg2NcE
Vivek Ramaswamy,vsZgnTystZo
Vivek Ramaswamy,JX5JcNmVV-8
Vivek Ramaswamy,JsaDKPwStCA
Vivek Ramaswamy,2St99U3sS3s
Vivek Ramaswamy,U7iioOYfMco
Vivek Ramaswamy,BFMBFLUVZiU
Vivek Ramaswamy,tBDNqiA1Fgk
Vivek Ramaswamy,pcyyf__nKr0
Vivek Ramaswamy,WoPyDqHQ6W4
Vivek Ramaswamy,RBHBprRoPD0
Vivek Ramaswamy,gxJz5-bts5k
Vivek Ramaswamy,uJsUkROnDy4
Vivek Ramaswamy,38ODSYk0LDY
Vivek Ramaswamy,PwNGmIyePas
Vivek Ramaswamy,-g_pECoQzYU
Vivek Ramaswamy,6W6vaCb--do
Vivek Ramaswamy,czdW83TR5oI
Vivek Ramaswamy,NnMF66Ml25k
Vivek Ramaswamy,1dyUSYHIClc
Vivek Ramaswamy,6XsvALujbFw
Vivek Ramaswamy,XAWPlkd2j7U
Vivek Ramaswamy,L1iOFxFao7I
Vivek Ramaswamy,F7pFMraxaJc
Vivek Ramaswamy,fJ4rzuee9Js
Vivek Ramaswamy,3lfK-kusCdI
Vivek Ramaswamy,TwVTaVx65V8
Vivek Ramaswamy,Bn1hWsykJzY
Vivek Ramaswamy,qHeuowXqPcc
Vivek Ramaswamy,nV68Tkt0oCU
Vivek Ramaswamy,AxPNf6XuqM4
Vivek Ramaswamy,mhpy9B4alxQ
Vivek Ramaswamy,tJKLNHsrOG4
Vivek Ramaswamy,KnD0Px9GCgo
Vivek Ramaswamy,6H0QRu9U90w
Vivek Ramaswamy,_dHPtkuGjrI
Vivek Ramaswamy,b8aECKO-VtA
Vivek Ramaswamy,Y6i4ILQrKEg
Vivek Ramaswamy,lMBykSFD1W8
Vivek Ramaswamy,gLI0OERg1bI
Vivek Ramaswamy,q4PAGjVdNbU
Vivek Ramaswamy,uXg56vmA-SM
Vivek Ramaswamy,4UyL_d68yw4
Vivek Ramaswamy,bRd7UO08HoI
Vivek Ramaswamy,tI7-SnEWMI8
Vivek Ramaswamy,CB86UKrQAbQ
Vivek Ramaswamy,1-3_-GqdIaY
Vivek Ramaswamy,Wwoq4Yikfko
Vivek Ramaswamy,ehEAXIgfDs4
Vivek Ramaswamy,XNgXSCHEfrg
Vivek Ramaswamy,g_rzOKBKMcw
Vivek Ramaswamy,m3tfv1d1K6I
Vivek Ramaswamy,2cwntkkyjXo
Vivek Ramaswamy,Sk6LTYLsEVQ
Vivek Ramaswamy,c-ZXKyyT0To
Vivek Ramaswamy,VLirHFplzz8
Vivek Ramaswamy,DSw_SrxJngI
Vivek Ramaswamy,txoNYN3CMBY
Vivek Ramaswamy,9jjX7JVhvD0
Vivek Ramaswamy,ba1XgB1L1_s
Vivek Ramaswamy,YRqrt2D6X5I
Vivek Ramaswamy,m4Db_CD9mRI
Vivek Ramaswamy,RtDX96o8tnA
Vivek Ramaswamy,weBv1m-6lwY
Vivek Ramaswamy,U5RyE4d5nBY
Vivek Ramaswamy,LToaa8ML1xk
Vivek Ramaswamy,IbecCQ86wT0
Vivek Ramaswamy,c89DxCoAY6M
Vivek Ramaswamy,iFLDi9GMuU0
Vivek Ramaswamy,sKE4PpQqKbw
Vivek Ramaswamy,F5wD-srkV4g
Vivek Ramaswamy,ItT9O2WwArc
Vivek Ramaswamy,qKMsaZvodFM
Vivek Ramaswamy,9ai5N3mqWt4
Vivek Ramaswamy,_18kmuHPvNg
Marjorie Taylor Greene,AgNh3hAqVOM
Marjorie Taylor Greene,zbSkbY53MHQ
Marjorie Taylor Greene,1o0i5YO0X1g
Marjorie Taylor Greene,-MIGmTpWrlg
Marjorie Taylor Greene,MOfXMTh8bFo
Marjorie Taylor Greene,lGzID0LcRbA
Marjorie Taylor Greene,3aIHPH3VSg0
Marjorie Taylor Greene,S0kThWOAwtk
Marjorie Taylor Greene,2IE5BCi-QJU
Marjorie Taylor Greene,kNV4DujgBq8
Marjorie Taylor Greene,elD9e6U683k
Marjorie Taylor Greene,GjwgEnxr-LU
Marjorie Taylor Greene,vV67HqqlowY
Marjorie Taylor Greene,vJsvD2nQtns
Marjorie Taylor Greene,AP8onFTyOBg
Marjorie Taylor Greene,wfUiidntMMk
Marjorie Taylor Greene,wYckRNcLVTQ
Marjorie Taylor Greene,nw3H7toIGD4
Marjorie Taylor Greene,p90SBix1zGw
Marjorie Taylor Greene,Ij5MK4wdvEM
Marjorie Taylor Greene,w3wYcETVBJE
Marjorie Taylor Greene,dYy7J6379_M
Marjorie Taylor Greene,0W0wS0BUAWc
Marjorie Taylor Greene,qpGviIFMHYk
Marjorie Taylor Greene,LYrIQzEKgus
Marjorie Taylor Greene,xw-hyXVigvs
Marjorie Taylor Greene,FFi0f5lhB1c
Marjorie Taylor Greene,jvfluat4kUo
Marjorie Taylor Greene,tSTJZFIM49Q
Marjorie Taylor Greene,VKQLR4Nv3uw
Marjorie Taylor Greene,jTkWmzGVpwY
Marjorie Taylor Greene,hWLWOfUGSZE
Marjorie Taylor Greene,ofwAF6iPt0g
Marjorie Taylor Greene,zrzmNFbps7M
Marjorie Taylor Greene,r0H_fbiCI-Q
Marjorie Taylor Greene,dTX4K8Xakpo
Marjorie Taylor Greene,eqEZYYs9MYA
Marjorie Taylor Greene,V3R4p48AnT0
Marjorie Taylor Greene,FAZxt4bkz2U
Marjorie Taylor Greene,dVKQs9p_7OI
Marjorie Taylor Greene,s1yrl-P4_EA
Marjorie Taylor Greene,TFXNM8gfpuI
Marjorie Taylor Greene,JScfDDMh9Po
Marjorie Taylor Greene,_mrfqaJxAYc
Marjorie Taylor Greene,GtRg2ofUJf0
Marjorie Taylor Greene,VJ2dnYKoDXM
Marjorie Taylor Greene,-FHP7c0Ds7Y
Marjorie Taylor Greene,zBYWpw8q-qM
Marjorie Taylor Greene,U0Atpt8B3sY
Marjorie Taylor Greene,9i5D7MmdJg4
Marjorie Taylor Greene,vh26VaBtUYI
Marjorie Taylor Greene,8h2hi4SvqWo
Marjorie Taylor Greene,sk7IrRD2-3k
Marjorie Taylor Greene,jKhqR6ac3ks
Marjorie Taylor Greene,cjJKzVSTlb0
Marjorie Taylor Greene,qj0564-n5-4
Marjorie Taylor Greene,-kkU3gfRjjI
Marjorie Taylor Greene,p3jM70CswY8
Marjorie Taylor Greene,EZVxngXXs68
Marjorie Taylor Greene,XzZjCkdyU7U
Marjorie Taylor Greene,zPBMvYG2IRE
Marjorie Taylor Greene,NIg9GmWzjlo
Marjorie Taylor Greene,6GLqJnZ4LXk
Marjorie Taylor Greene,ouJpqcsU2_A
Marjorie Taylor Greene,hKET5koN9ps
Marjorie Taylor Greene,nQ4A4phT7Xg
Marjorie Taylor Greene,zFfkEf67pGg
Marjorie Taylor Greene,niL-VR7Puv4
Marjorie Taylor Greene,3fE8OOD9628
Marjorie Taylor Greene,uOl5orfO0xc
Marjorie Taylor Greene,sWS_o0VjCcU
Marjorie Taylor Greene,lwSyYtGp_gI
Marjorie Taylor Greene,dOVKlsYf84w
Marjorie Taylor Greene,E52EOk6eSfY
Marjorie Taylor Greene,EBVSGt0H5Bs
Marjorie Taylor Greene,9-fyTGNf258
Marjorie Taylor Greene,Y8V8O4-Yt9Y
Marjorie Taylor Greene,_DsBAVc7nWQ
Marjorie Taylor Greene,SaUIAfqRLtI
Marjorie Taylor Greene,1dL5EJ7uliU
Marjorie Taylor Greene,dz48c-KHzQw
Marjorie Taylor Greene,b6aoB0GZmtc
Marjorie Taylor Greene,KdI15fLgbXQ
Marjorie Taylor Greene,DjR9z4wQjiw
Marjorie Taylor Greene,KYtxqesPsm0
Marjorie Taylor Greene,xDm78iqWuvA
Marjorie Taylor Greene,BFRc8M_efr0
Marjorie Taylor Greene,D4ZXMjkLS7A
Marjorie Taylor Greene,BtI8SLQuMfA
Marjorie Taylor Greene,XiQaPtJqUzU
Marjorie Taylor Greene,WcQPhGaLBdo
Marjorie Taylor Greene,oXr7JfTncr0
Marjorie Taylor Greene,yugI7v_hF2s
Marjorie Taylor Greene,26Y9cvJ6_cI
Marjorie Taylor Greene,wVO9Ey8Swt8
Marjorie Taylor Greene,0kIxQ2ctZIc
Marjorie Taylor Greene,UaBzTH05Szg
Marjorie Taylor Greene,TjppjOOJ5ck
Marjorie Taylor Greene,PuX2zbN3fNM
Marjorie Taylor Greene,RCBpSsdpzzI
Marjorie Taylor Greene,itFmPGgaOeI
Marjorie Taylor Greene,7-PPqR0Z4SM
Marjorie Taylor Greene,o_rlP4XR8xg
Marjorie Taylor Greene,DKeSLoqgmXE
Marjorie Taylor Greene,wekpqjDS5fY
Marjorie Taylor Greene,N1NDNF4-N9s
Marjorie Taylor Greene,S9MVTMAh5Do
Marjorie Taylor Greene,I0PysNxxud8
Marjorie Taylor Greene,Q2B5RhcSCXw
Marjorie Taylor Greene,AcFcZ6mjNME
Marjorie Taylor Greene,QZcFPt3bl30
Marjorie Taylor Greene,mtGBHVu0OXc
Marjorie Taylor Greene,B6HSVA0YxLw
Marjorie Taylor Greene,XofLpDPT_ig
Marjorie Taylor Greene,YFkJnFIAeqI
Marjorie Taylor Greene,l0fTP5GEjb0
Marjorie Taylor Greene,HoIFkWr19rk
Marjorie Taylor Greene,9dGlnosTFZ0
Marjorie Taylor Greene,9RjvRPlsa0o
Marjorie Taylor Greene,SsnMLP03K4M
Marjorie Taylor Greene,pwbJadmUAuE
Marjorie Taylor Greene,Sn_sxk1v07o
Marjorie Taylor Greene,haFO6BM9R9s
Marjorie Taylor Greene,qkBe3Y4yO6I
Marjorie Taylor Greene,99hpmohy3T0
Marjorie Taylor Greene,AEXpyPjj0fM
Marjorie Taylor Greene,5utXzl1EtII
Marjorie Taylor Greene,JnNPFTlyKpg
Marjorie Taylor Greene,2DIVF2a7Gl8
Marjorie Taylor Greene,pSUaqFK0klU
Marjorie Taylor Greene,aH7hquFNMzk
Marjorie Taylor Greene,y9OrGaNZzQ8
Marjorie Taylor Greene,ozbKLaniYvI
Marjorie Taylor Greene,Wb8K39Vvav8
Marjorie Taylor Greene,e--CWwgAjpg
Marjorie Taylor Greene,RHVGnE3nsu8
Marjorie Taylor Greene,XewL-2VFULA
Marjorie Taylor Greene,131UY29PrF8
Marjorie Taylor Greene,GtvsYmymnmg
Marjorie Taylor Greene,rFtBI6aqeGQ
Marjorie Taylor Greene,Tq3zRjhzRxE
Marjorie Taylor Greene,UIpiGx5BZpc
Marjorie Taylor Greene,NyFKcWHOsjs
Marjorie Taylor Greene,LdgIBKGLnlU
Marjorie Taylor Greene,W6uRoXiGO90
Marjorie Taylor Greene,7XH5QLvCrzQ
